"Supplier Name",Recency,Frequency,Monetary
"Supplier 5",29,40,480870.44
"Supplier 4",28,29,373321.86999999994
"Supplier 1",29,34,324902.88999999996
"Supplier 2",29,24,247544.32
"Supplier 3",29,23,237608.52000000002
