Cohort,Total_Orders,Total_Revenue
November,18,199136.93
October,13,126766.00999999998
September,9,72909.65
May,14,169856.16999999998
April,10,71343.48000000001
June,17,178950.09999999998
August,11,115257.9
January,12,143779.97999999998
December,9,114785.69999999998
February,15,202131.93000000002
July,14,178215.83000000002
March,8,91114.36
